{
  "generated_at": "2026-04-24 11:36:11",
  "gpu_used": "cpu",
  "test_rows": 40848,
  "accuracy": 0.6128084606345476,
  "roc_auc": 0.6631543951622233,
  "brier_score": 0.22908100185062338,
  "n_bets": 14871,
  "roi_pct": 1.7949,
  "win_rate_pct": 42.6602,
  "sharpe": 0.5881,
  "max_drawdown_pct": 90.2883,
  "final_bankroll": 5.018983085317536e+22,
  "mc_iterations": 5000,
  "mc_median_final": 5.137183586987524e+22,
  "mc_p5_final": 0.0,
  "mc_p95_final": 2.78951033378688e+23,
  "best_sweep_params": {
    "min_edge": 0.15,
    "kelly_frac": 0.05,
    "vig": 0.05,
    "roi": 18.639452033833695,
    "sharpe": 2.0355596285528232,
    "n_bets": 5318.0,
    "max_dd": 0.20638481143261392
  },
  "walk_forward": [
    {
      "year": 2022,
      "n": 12933,
      "acc": 0.6293203433078172,
      "auc": 0.6822129121542788,
      "roi": 6.401695756602205,
      "n_bets": 5062,
      "sharpe": 0.4236630349364248
    },
    {
      "year": 2023,
      "n": 13649,
      "acc": 0.631181771558356,
      "auc": 0.6790954048479869,
      "roi": 15.24440685863614,
      "n_bets": 5204,
      "sharpe": 1.0270654550640888
    },
    {
      "year": 2024,
      "n": 14266,
      "acc": 0.6235104444132903,
      "auc": 0.6747485047877455,
      "roi": 6.238650424037543,
      "n_bets": 5505,
      "sharpe": 0.7915579912399384
    }
  ]
}